Event_Date,Event_Order,Event,Ticker,Reaction_10D_%,Volume_Change_%
2022-02-24,1,Ukraine War,HAG.DE,68.82068596831827,1583.1701897766222
2022-02-24,1,Ukraine War,RHM.DE,53.61569125759558,610.9333878091294
2022-02-24,1,Ukraine War,BBAI,42.09523882184709,1256.1302681992338
2022-02-24,1,Ukraine War,SAAB-B.ST,32.56420402103255,331.09929900934816
2022-02-24,1,Ukraine War,CHG.L,29.174669778915362,154.46094912677805
2022-02-24,1,Ukraine War,HO.PA,26.600299257309356,336.04638488142626
2022-02-24,1,Ukraine War,LDO.MI,20.132431814040828,576.7805955454617
2022-02-24,1,Ukraine War,QQ.L,19.191122837982565,-24.21567388506345
2022-02-24,1,Ukraine War,079550.KS,18.46404755558959,109.04701630215388
2022-02-24,1,Ukraine War,LDOS,18.44000233364178,22.898299433144388
2022-02-24,1,Ukraine War,BA.L,16.756400514162916,182.5339799750952
2022-02-24,1,Ukraine War,LMT,16.542566343706255,206.16295482081966
2022-02-24,1,Ukraine War,HII,16.298112486997375,96.81991640923133
2022-02-24,1,Ukraine War,KOG.OL,15.937938100983162,695.3362155540202
2022-02-24,1,Ukraine War,ESLT,15.736396725001377,197.0528455284553
2022-02-24,1,Ukraine War,LHX,15.278428001784206,85.31833016708073
2022-02-24,1,Ukraine War,NOC,14.688391629278442,92.71018752328517
2022-02-24,1,Ukraine War,CACI,14.248290299670096,35.00373174112379
2022-02-24,1,Ukraine War,012450.KS,13.95348565465444,339.3294495495845
2022-02-24,1,Ukraine War,AM.PA,12.061584159159278,282.42393985668974
2022-02-24,1,Ukraine War,BAH,11.720978057031273,13.730840687412904
2022-02-24,1,Ukraine War,GD,11.062917757260804,63.2561176326564
2022-02-24,1,Ukraine War,KTOS,9.664351909340896,170.57298577231626
2022-02-24,1,Ukraine War,600372.SS,9.411088287615366,54.02308861935514
2022-02-24,1,Ukraine War,000768.SZ,8.695653959781446,26.54458402236026
2022-02-24,1,Ukraine War,BAB.L,7.119639968641156,148.86720331285855
2022-02-24,1,Ukraine War,BEL.NS,6.915421223892326,160.43433030988817
2022-02-24,1,Ukraine War,047810.KS,6.808526830642436,22.97468196808783
2022-02-24,1,Ukraine War,RTX,5.947259240773706,99.85957568904115
2022-02-24,1,Ukraine War,7011.T,5.537044453423756,122.03606212161095
2022-02-24,1,Ukraine War,IDR.MC,5.140976462789548,15.606414648713308
2022-02-24,1,Ukraine War,600893.SS,3.432590958414372,28.0875550162218
2022-02-24,1,Ukraine War,600760.SS,2.3535831500719695,33.68523502442922
2022-02-24,1,Ukraine War,7012.T,1.261675977967358,19.766494705403215
2022-02-24,1,Ukraine War,HAL.NS,0.5532772784991424,18.82264121958419
2022-02-24,1,Ukraine War,600118.SS,-0.5921869854149997,15.030814284716065
2022-02-24,1,Ukraine War,ASB.AX,-2.238803778134224,-13.976882235250088
2022-02-24,1,Ukraine War,BDL.NS,-2.308572187239666,49.9786376953125
2022-02-24,1,Ukraine War,FCT.MI,-4.1108227746454284,611.2884610580486
2022-02-24,1,Ukraine War,SAF.PA,-9.268963553056764,90.86941425092263
2022-02-24,1,Ukraine War,AIR.PA,-9.714569845830045,70.04118959138921
2022-02-24,1,Ukraine War,PLTR,-18.826056293270753,-41.68568760675539
2022-08-02,2,Taiwan Crisis (Pelosi Visit),012450.KS,35.92232926353132,-20.12764057127221
2022-08-02,2,Taiwan Crisis (Pelosi Visit),BDL.NS,20.905844849892375,-2.2478497596856273
2022-08-02,2,Taiwan Crisis (Pelosi Visit),HAL.NS,15.111627462050725,28.618169617002344
2022-08-02,2,Taiwan Crisis (Pelosi Visit),079550.KS,14.60123003804783,7.678028086397015
2022-08-02,2,Taiwan Crisis (Pelosi Visit),600760.SS,13.824750340364789,56.59733635737689
2022-08-02,2,Taiwan Crisis (Pelosi Visit),BEL.NS,8.268881421896722,72.10115434191411
2022-08-02,2,Taiwan Crisis (Pelosi Visit),LMT,7.9987704049694575,-18.30391024583402
2022-08-02,2,Taiwan Crisis (Pelosi Visit),ESLT,7.670422544437616,125.82056892778995
2022-08-02,2,Taiwan Crisis (Pelosi Visit),HII,7.100779841558613,92.62518142235123
2022-08-02,2,Taiwan Crisis (Pelosi Visit),NOC,6.539961643717551,-28.117316855594964
2022-08-02,2,Taiwan Crisis (Pelosi Visit),AM.PA,5.483405737882707,-66.58588141828946
2022-08-02,2,Taiwan Crisis (Pelosi Visit),600893.SS,4.999986999958028,77.92071094460844
2022-08-02,2,Taiwan Crisis (Pelosi Visit),047810.KS,4.655502993478433,26.23444962102035
2022-08-02,2,Taiwan Crisis (Pelosi Visit),GD,4.590370480334061,-15.905318611532081
2022-08-02,2,Taiwan Crisis (Pelosi Visit),SAF.PA,4.389028521237637,-35.81679178650905
2022-08-02,2,Taiwan Crisis (Pelosi Visit),KTOS,4.385338727843702,22.506204784284733
2022-08-02,2,Taiwan Crisis (Pelosi Visit),LHX,4.3575467158180725,-6.573190303235066
2022-08-02,2,Taiwan Crisis (Pelosi Visit),ASB.AX,3.501964122781276,18.700861889423436
2022-08-02,2,Taiwan Crisis (Pelosi Visit),600118.SS,3.2455375763465133,9.22995505772306
2022-08-02,2,Taiwan Crisis (Pelosi Visit),HO.PA,3.021526806467101,-39.34904963189698
2022-08-02,2,Taiwan Crisis (Pelosi Visit),000768.SZ,2.3373470614421077,43.0158333531361
2022-08-02,2,Taiwan Crisis (Pelosi Visit),KOG.OL,1.984819623883216,2.67971642001148
2022-08-02,2,Taiwan Crisis (Pelosi Visit),RTX,1.8838572355267535,-30.494361326869278
2022-08-02,2,Taiwan Crisis (Pelosi Visit),7012.T,1.867375958511719,11.762159444778032
2022-08-02,2,Taiwan Crisis (Pelosi Visit),600372.SS,1.5207177645107484,39.15257380108381
2022-08-02,2,Taiwan Crisis (Pelosi Visit),BA.L,1.4993697123312666,-14.638297148917289
2022-08-02,2,Taiwan Crisis (Pelosi Visit),BAB.L,1.4134111409821903,-1.8477564905006294
2022-08-02,2,Taiwan Crisis (Pelosi Visit),AIR.PA,1.3714302936625344,-35.60479763382727
2022-08-02,2,Taiwan Crisis (Pelosi Visit),QQ.L,0.6899210605573414,-38.939794461486265
2022-08-02,2,Taiwan Crisis (Pelosi Visit),BAH,0.6411022554654089,-42.42834880411952
2022-08-02,2,Taiwan Crisis (Pelosi Visit),SAAB-B.ST,-0.7436960274050164,-34.87942847244207
2022-08-02,2,Taiwan Crisis (Pelosi Visit),PLTR,-1.5957406874206548,113.15419560468855
2022-08-02,2,Taiwan Crisis (Pelosi Visit),CACI,-3.2950176415264765,21.42969363707776
2022-08-02,2,Taiwan Crisis (Pelosi Visit),BBAI,-4.1958003482745365,1888.9829369877739
2022-08-02,2,Taiwan Crisis (Pelosi Visit),CHG.L,-4.630971975934417,-39.511424231536786
2022-08-02,2,Taiwan Crisis (Pelosi Visit),IDR.MC,-4.817927095554964,-11.950332639615768
2022-08-02,2,Taiwan Crisis (Pelosi Visit),LDOS,-5.2072304210692195,15.486554746694402
2022-08-02,2,Taiwan Crisis (Pelosi Visit),7011.T,-7.357631256685759,42.29401328547262
2022-08-02,2,Taiwan Crisis (Pelosi Visit),RHM.DE,-7.359554576529925,96.47765089422846
2022-08-02,2,Taiwan Crisis (Pelosi Visit),LDO.MI,-7.838334529087887,-45.44883615879579
2022-08-02,2,Taiwan Crisis (Pelosi Visit),HAG.DE,-8.835325552006223,157.0104196083042
2022-08-02,2,Taiwan Crisis (Pelosi Visit),FCT.MI,-10.363163925547491,-83.54092338902794
2023-04-04,3,Finland joins NATO,BBAI,63.82978359138658,-0.6805683248873762
2023-04-04,3,Finland joins NATO,012450.KS,18.048275815758185,54.06249483734864
2023-04-04,3,Finland joins NATO,BDL.NS,11.556713213123393,-15.189620297785911
2023-04-04,3,Finland joins NATO,047810.KS,10.217386464990263,6.7369365677545145
2023-04-04,3,Finland joins NATO,BEL.NS,10.103779910445333,-56.41210557711537
2023-04-04,3,Finland joins NATO,HAL.NS,9.505336975452705,-66.98473555848827
2023-04-04,3,Finland joins NATO,7011.T,9.160591735239688,-1.2824301693488471
2023-04-04,3,Finland joins NATO,LDO.MI,7.8196910748649096,92.17020307341515
2023-04-04,3,Finland joins NATO,CHG.L,7.734807748326711,52.690053226601606
2023-04-04,3,Finland joins NATO,AIR.PA,6.064690892494595,2.6082102391377093
2023-04-04,3,Finland joins NATO,KOG.OL,5.860110975332522,43.95445338686839
2023-04-04,3,Finland joins NATO,7012.T,5.649673812339007,-5.601410934744266
2023-04-04,3,Finland joins NATO,BAH,5.480360673393259,22.950648264324556
2023-04-04,3,Finland joins NATO,QQ.L,4.951106571833441,4.584547092474511
2023-04-04,3,Finland joins NATO,RTX,4.876030283362254,-2.202398110640791
2023-04-04,3,Finland joins NATO,IDR.MC,4.493470058726823,5.2412140864437795
2023-04-04,3,Finland joins NATO,CACI,4.308465281092677,-13.732185273159148
2023-04-04,3,Finland joins NATO,PLTR,4.124999046325684,72.20123217264032
2023-04-04,3,Finland joins NATO,LHX,3.9958409658213068,-26.935744655368588
2023-04-04,3,Finland joins NATO,LMT,3.5338708399408336,-7.784776650478431
2023-04-04,3,Finland joins NATO,SAAB-B.ST,3.3332028906753575,22.752978638687217
2023-04-04,3,Finland joins NATO,HO.PA,3.1078569141316015,15.878539553752535
2023-04-04,3,Finland joins NATO,NOC,3.000012549639819,10.238593256992946
2023-04-04,3,Finland joins NATO,BA.L,2.9352224405299943,15.148409072524371
2023-04-04,3,Finland joins NATO,HAG.DE,2.7232859116985697,108.45644596984063
2023-04-04,3,Finland joins NATO,600760.SS,2.316013964393515,4.560308228194487
2023-04-04,3,Finland joins NATO,SAF.PA,2.2067730558691157,4.513576716409684
2023-04-04,3,Finland joins NATO,ESLT,2.145777199113197,-23.27790973871734
2023-04-04,3,Finland joins NATO,000768.SZ,1.8195903800444668,25.891475770482675
2023-04-04,3,Finland joins NATO,HII,1.793811356379349,-38.94118593611715
2023-04-04,3,Finland joins NATO,LDOS,1.7343900759417386,-30.694923424926767
2023-04-04,3,Finland joins NATO,079550.KS,1.6830394982535468,-10.508343703206046
2023-04-04,3,Finland joins NATO,GD,1.6585445122550446,25.094161958568726
2023-04-04,3,Finland joins NATO,KTOS,1.4797474931883547,-6.978231328768214
2023-04-04,3,Finland joins NATO,AM.PA,1.3721151739280124,-16.707189996526573
2023-04-04,3,Finland joins NATO,FCT.MI,1.219509451053602,-18.913732580191557
2023-04-04,3,Finland joins NATO,ASB.AX,-1.7492773777829762,-24.231800609697295
2023-04-04,3,Finland joins NATO,600118.SS,-2.1283840063691994,-21.71684101764383
2023-04-04,3,Finland joins NATO,600372.SS,-2.215917986527549,-4.18182343211928
2023-04-04,3,Finland joins NATO,BAB.L,-2.5691689669532947,32.651011801826414
2023-04-04,3,Finland joins NATO,RHM.DE,-2.92609988017305,46.230829413121754
2023-04-04,3,Finland joins NATO,600893.SS,-3.0022606943503893,-20.36536070469428
2023-10-07,4,Oct. 7 Attack,BAH,17.04953261082107,-28.92320097958696
2023-10-07,4,Oct. 7 Attack,KTOS,12.849535594908623,161.21102080811576
2023-10-07,4,Oct. 7 Attack,NOC,11.349644089403178,81.73710924529196
2023-10-07,4,Oct. 7 Attack,GD,10.653729142312995,96.44366126674544
2023-10-07,4,Oct. 7 Attack,RHM.DE,10.332113864491976,33.08465335880999
2023-10-07,4,Oct. 7 Attack,KOG.OL,9.927479007864616,25.249223629893926
2023-10-07,4,Oct. 7 Attack,HII,9.898319726296801,54.632326174008014
2023-10-07,4,Oct. 7 Attack,PLTR,8.500003814697266,37.072564528613604
2023-10-07,4,Oct. 7 Attack,HO.PA,8.489854451995082,44.64570575371602
2023-10-07,4,Oct. 7 Attack,BA.L,8.188018416029962,37.70009958586631
2023-10-07,4,Oct. 7 Attack,LMT,7.849186742043002,150.4965956649385
2023-10-07,4,Oct. 7 Attack,CACI,7.702351874595714,20.78239608801955
2023-10-07,4,Oct. 7 Attack,ESLT,7.272013195144877,254.26731078904993
2023-10-07,4,Oct. 7 Attack,AM.PA,5.044851403632111,-17.49512331769796
2023-10-07,4,Oct. 7 Attack,047810.KS,4.948453726820157,62.762880001974054
2023-10-07,4,Oct. 7 Attack,HAL.NS,4.549671465008132,-47.64190348433822
2023-10-07,4,Oct. 7 Attack,SAAB-B.ST,4.454007350507627,36.35093398730535
2023-10-07,4,Oct. 7 Attack,QQ.L,4.266010470341608,118.79825135311961
2023-10-07,4,Oct. 7 Attack,HAG.DE,3.793840083816291,82.07233122438511
2023-10-07,4,Oct. 7 Attack,LDOS,2.9622396722197797,6.406432748538005
2023-10-07,4,Oct. 7 Attack,079550.KS,2.2538671457835058,302.4557381037514
2023-10-07,4,Oct. 7 Attack,LDO.MI,2.1961905001699478,43.98525443019676
2023-10-07,4,Oct. 7 Attack,600118.SS,1.883093835993721,42.801631179813484
2023-10-07,4,Oct. 7 Attack,LHX,1.7918822194397777,8.627577409904541
2023-10-07,4,Oct. 7 Attack,RTX,1.77853911366892,21.264358974358966
2023-10-07,4,Oct. 7 Attack,BEL.NS,1.777083581308836,-34.4423448556879
2023-10-07,4,Oct. 7 Attack,7012.T,0.5801137797266209,-1.7622958665977406
2023-10-07,4,Oct. 7 Attack,SAF.PA,0.29603064423542325,-9.107552823599562
2023-10-07,4,Oct. 7 Attack,BDL.NS,-0.422621650158439,-18.565883177721364
2023-10-07,4,Oct. 7 Attack,7011.T,-1.0064691252970825,-14.60355935446833
2023-10-07,4,Oct. 7 Attack,FCT.MI,-1.5923717629505618,-34.76688912660659
2023-10-07,4,Oct. 7 Attack,IDR.MC,-1.8978088739117438,-18.502607135655857
2023-10-07,4,Oct. 7 Attack,012450.KS,-2.8735626179062,69.73217507517542
2023-10-07,4,Oct. 7 Attack,CHG.L,-3.2432394962684907,-6.411074837566644
2023-10-07,4,Oct. 7 Attack,600372.SS,-3.279315989322895,30.5878453853186
2023-10-07,4,Oct. 7 Attack,600893.SS,-3.554107125406525,19.13626688873451
2023-10-07,4,Oct. 7 Attack,BAB.L,-3.6768244750268075,3.375183241647628
2023-10-07,4,Oct. 7 Attack,AIR.PA,-3.9533778872170022,16.234718887243858
2023-10-07,4,Oct. 7 Attack,000768.SZ,-4.44832134558153,0.3449002629118292
2023-10-07,4,Oct. 7 Attack,ASB.AX,-4.521278636306592,58.40789724178861
2023-10-07,4,Oct. 7 Attack,600760.SS,-6.513842655992841,-20.3125453663383
2023-10-07,4,Oct. 7 Attack,BBAI,-13.24503635409675,-31.81329831681986
2024-03-07,5,Sweden joins NATO,FCT.MI,22.096618237174415,106.16331832870802
2024-03-07,5,Sweden joins NATO,079550.KS,18.058540018777624,-15.640483508383163
2024-03-07,5,Sweden joins NATO,7012.T,11.105745292128466,39.95978992286231
2024-03-07,5,Sweden joins NATO,LDO.MI,8.1245298507149,43.38955667077518
2024-03-07,5,Sweden joins NATO,HO.PA,6.5669576469948865,-35.150928783949055
2024-03-07,5,Sweden joins NATO,SAAB-B.ST,5.5854988528244665,-23.447503428086968
2024-03-07,5,Sweden joins NATO,000768.SZ,4.89678436105363,8.579595850201605
2024-03-07,5,Sweden joins NATO,IDR.MC,4.867008519291693,-37.527543983930975
2024-03-07,5,Sweden joins NATO,AIR.PA,4.851573146635757,-23.63994052374935
2024-03-07,5,Sweden joins NATO,BAB.L,4.838704048583087,-6.699877302477885
2024-03-07,5,Sweden joins NATO,RHM.DE,4.622646722149959,27.109729284795712
2024-03-07,5,Sweden joins NATO,BA.L,4.227061524921205,-9.03561231188521
2024-03-07,5,Sweden joins NATO,SAF.PA,3.458948399090267,16.18827385116701
2024-03-07,5,Sweden joins NATO,ASB.AX,3.4146309693180887,-46.01253004176681
2024-03-07,5,Sweden joins NATO,RTX,2.3307981735732453,11.861019473199796
2024-03-07,5,Sweden joins NATO,600893.SS,2.208654311630731,-27.01622409447806
2024-03-07,5,Sweden joins NATO,LMT,1.7583607584207073,-17.128539301967315
2024-03-07,5,Sweden joins NATO,7011.T,1.7336222686145764,18.2936175938873
2024-03-07,5,Sweden joins NATO,LHX,1.3484630842300893,-23.28912466843501
2024-03-07,5,Sweden joins NATO,GD,0.7868190263502717,-7.493806264871095
2024-03-07,5,Sweden joins NATO,600118.SS,0.5443157785269159,-19.40381844903303
2024-03-07,5,Sweden joins NATO,HAL.NS,0.4880003196813032,65.88065527474127
2024-03-07,5,Sweden joins NATO,LDOS,0.24268531540541094,-3.2620744259699075
2024-03-07,5,Sweden joins NATO,HAG.DE,0.05935552722304838,-26.908315892053626
2024-03-07,5,Sweden joins NATO,NOC,-0.03472200890084487,-26.160233989895886
2024-03-07,5,Sweden joins NATO,KOG.OL,-0.07390561214344338,-48.14734065007876
2024-03-07,5,Sweden joins NATO,CHG.L,-0.144087641891133,-24.122930531725473
2024-03-07,5,Sweden joins NATO,600372.SS,-0.5907218417458671,3.046849240756244
2024-03-07,5,Sweden joins NATO,CACI,-0.7469703254516236,-4.468121670390102
2024-03-07,5,Sweden joins NATO,047810.KS,-1.1428573145640164,-4.45374217369956
2024-03-07,5,Sweden joins NATO,HII,-1.6288428480596417,-20.115149334292916
2024-03-07,5,Sweden joins NATO,600760.SS,-1.6723227795107043,-1.7114468990312215
2024-03-07,5,Sweden joins NATO,BAH,-1.7196107291753804,-23.33029553443562
2024-03-07,5,Sweden joins NATO,AM.PA,-1.8589372857268471,-6.427409277681351
2024-03-07,5,Sweden joins NATO,QQ.L,-2.590404204561225,73.65294913851885
2024-03-07,5,Sweden joins NATO,PLTR,-2.5917050259473218,-26.64481416872532
2024-03-07,5,Sweden joins NATO,KTOS,-4.714915686091825,-37.72094322307784
2024-03-07,5,Sweden joins NATO,012450.KS,-6.118248718709118,-54.237168545021866
2024-03-07,5,Sweden joins NATO,BDL.NS,-7.031111021169534,12.061343751681374
2024-03-07,5,Sweden joins NATO,BEL.NS,-7.92296083568308,81.69464718550843
2024-03-07,5,Sweden joins NATO,ESLT,-11.010121329821065,67.97250859106529
2024-03-07,5,Sweden joins NATO,BBAI,-27.380948410688223,-12.501436887783168
2024-04-13,6,Iran Attack on Israel I,HAL.NS,6.906344892466643,135.14219646402742
2024-04-13,6,Iran Attack on Israel I,BEL.NS,5.90104351004106,16.82074071203379
2024-04-13,6,Iran Attack on Israel I,FCT.MI,5.198351599349116,-55.75372387334924
2024-04-13,6,Iran Attack on Israel I,BDL.NS,4.8555781596733905,222.27547176316094
2024-04-13,6,Iran Attack on Israel I,600372.SS,3.3707971244464563,129.8228171968906
2024-04-13,6,Iran Attack on Israel I,7012.T,3.0049334789497895,50.110574850132835
2024-04-13,6,Iran Attack on Israel I,600760.SS,2.3796266434991775,76.50148865279849
2024-04-13,6,Iran Attack on Israel I,7011.T,2.2958189518335725,41.24872930454748
2024-04-13,6,Iran Attack on Israel I,000768.SZ,2.200962334356471,55.70141546330887
2024-04-13,6,Iran Attack on Israel I,LMT,1.8643640653257298,46.38297872340424
2024-04-13,6,Iran Attack on Israel I,NOC,1.7777683795240806,4.7482375733223225
2024-04-13,6,Iran Attack on Israel I,KTOS,1.2359619670380129,-10.245963230751244
2024-04-13,6,Iran Attack on Israel I,ASB.AX,0.8733616270600209,-17.873895237288007
2024-04-13,6,Iran Attack on Israel I,SAF.PA,0.1946539318184337,-16.016398626211792
2024-04-13,6,Iran Attack on Israel I,ESLT,0.11428729283644579,-2.0134228187919434
2024-04-13,6,Iran Attack on Israel I,AM.PA,0.0,-18.350137594859262
2024-04-13,6,Iran Attack on Israel I,RTX,-0.12783323144012204,-12.876071818045743
2024-04-13,6,Iran Attack on Israel I,012450.KS,-0.8474557741154465,6.899963704415479
2024-04-13,6,Iran Attack on Israel I,600893.SS,-1.083348351847413,68.86283938213383
2024-04-13,6,Iran Attack on Israel I,CACI,-1.3882166361949833,-0.4198152812762368
2024-04-13,6,Iran Attack on Israel I,KOG.OL,-1.516158189979644,-36.99619970184702
2024-04-13,6,Iran Attack on Israel I,LHX,-1.679745132414212,-11.031848678360678
2024-04-13,6,Iran Attack on Israel I,GD,-1.7412856252807751,6.82396535559624
2024-04-13,6,Iran Attack on Israel I,BA.L,-2.2487446362021712,-11.735688904282316
2024-04-13,6,Iran Attack on Israel I,HO.PA,-2.358485518060749,-13.017820629477017
2024-04-13,6,Iran Attack on Israel I,BAB.L,-2.524267448333284,-45.83215000598793
2024-04-13,6,Iran Attack on Israel I,600118.SS,-2.6792651418465985,48.939622055727284
2024-04-13,6,Iran Attack on Israel I,047810.KS,-2.7668041183276815,21.13344420368466
2024-04-13,6,Iran Attack on Israel I,LDOS,-2.914667129522397,25.618699700607017
2024-04-13,6,Iran Attack on Israel I,AIR.PA,-3.0908430494783756,-13.408399027660112
2024-04-13,6,Iran Attack on Israel I,BAH,-3.194168497927319,3.7700486574157477
2024-04-13,6,Iran Attack on Israel I,CHG.L,-3.641440533268847,-34.25884384526117
2024-04-13,6,Iran Attack on Israel I,IDR.MC,-4.992031096133509,-5.476136164923884
2024-04-13,6,Iran Attack on Israel I,HII,-5.040533618967913,-18.00989554700385
2024-04-13,6,Iran Attack on Israel I,QQ.L,-5.757405857097875,63.02047084595153
2024-04-13,6,Iran Attack on Israel I,RHM.DE,-6.110281994254175,-33.41522659238716
2024-04-13,6,Iran Attack on Israel I,SAAB-B.ST,-6.115837839696803,-47.31027593533996
2024-04-13,6,Iran Attack on Israel I,LDO.MI,-6.832832388639753,-40.12657520494422
2024-04-13,6,Iran Attack on Israel I,079550.KS,-6.884677759960556,19.80736281633795
2024-04-13,6,Iran Attack on Israel I,HAG.DE,-7.8469879203456605,-55.46551433737533
2024-04-13,6,Iran Attack on Israel I,PLTR,-10.844947170760545,20.45352880073157
2024-04-13,6,Iran Attack on Israel I,BBAI,-25.641025014020848,-2.9100418701053066
2024-07-31,7,Haniyeh Killed in Tehran,600118.SS,17.12194630147106,217.58861949881617
2024-07-31,7,Haniyeh Killed in Tehran,NOC,10.773094749623846,-26.821639760861416
2024-07-31,7,Haniyeh Killed in Tehran,AM.PA,10.017171396882096,-27.063866857301754
2024-07-31,7,Haniyeh Killed in Tehran,RTX,8.890598808622396,-35.371322350489024
2024-07-31,7,Haniyeh Killed in Tehran,LMT,6.465439958728059,-13.520476488068667
2024-07-31,7,Haniyeh Killed in Tehran,047810.KS,5.5335926481483,-41.33040206104337
2024-07-31,7,Haniyeh Killed in Tehran,600372.SS,5.5280525555621685,17.99323048388586
2024-07-31,7,Haniyeh Killed in Tehran,BAB.L,4.200007240286618,-35.671229781211075
2024-07-31,7,Haniyeh Killed in Tehran,AIR.PA,4.1194466263891005,16.556015444873463
2024-07-31,7,Haniyeh Killed in Tehran,BA.L,2.6598010292832486,178.67870650215738
2024-07-31,7,Haniyeh Killed in Tehran,000768.SZ,2.6576721542013626,-21.79307131609449
2024-07-31,7,Haniyeh Killed in Tehran,CHG.L,2.567391961897947,175.29365849222467
2024-07-31,7,Haniyeh Killed in Tehran,600760.SS,2.3122735630191515,-6.429380956610431
2024-07-31,7,Haniyeh Killed in Tehran,HAG.DE,1.5005970061056306,-24.82525285889
2024-07-31,7,Haniyeh Killed in Tehran,ESLT,1.3484868658977023,3.019213174748403
2024-07-31,7,Haniyeh Killed in Tehran,GD,0.8781950338123679,-40.16756842580944
2024-07-31,7,Haniyeh Killed in Tehran,HO.PA,0.8608610613527246,-12.365361378833173
2024-07-31,7,Haniyeh Killed in Tehran,BEL.NS,0.033339754629335694,-1.7027102966776897
2024-07-31,7,Haniyeh Killed in Tehran,QQ.L,-0.073847356706358,8.539797147047379
2024-07-31,7,Haniyeh Killed in Tehran,CACI,-0.1094993947084566,32.964601769911496
2024-07-31,7,Haniyeh Killed in Tehran,RHM.DE,-0.28225522625293653,30.97261804412692
2024-07-31,7,Haniyeh Killed in Tehran,PLTR,-1.0526341452256616,95.19640695645984
2024-07-31,7,Haniyeh Killed in Tehran,BDL.NS,-1.8267670876485398,-18.52025668544358
2024-07-31,7,Haniyeh Killed in Tehran,600893.SS,-1.9754950499318635,-23.38741530344748
2024-07-31,7,Haniyeh Killed in Tehran,HAL.NS,-2.248673021264036,17.89537260278953
2024-07-31,7,Haniyeh Killed in Tehran,LDO.MI,-3.5665865999812474,-12.53408585154573
2024-07-31,7,Haniyeh Killed in Tehran,SAF.PA,-3.9401402517776574,75.06485263649427
2024-07-31,7,Haniyeh Killed in Tehran,LHX,-4.351662772094134,-40.046145357877315
2024-07-31,7,Haniyeh Killed in Tehran,HII,-4.4704250919607835,27.140476800820302
2024-07-31,7,Haniyeh Killed in Tehran,KOG.OL,-4.562045516775914,13.106723659916252
2024-07-31,7,Haniyeh Killed in Tehran,LDOS,-4.610271894539286,-14.095154841111812
2024-07-31,7,Haniyeh Killed in Tehran,SAAB-B.ST,-5.355364820082276,-12.001936573792648
2024-07-31,7,Haniyeh Killed in Tehran,BAH,-5.659028042518055,-32.25422019670242
2024-07-31,7,Haniyeh Killed in Tehran,7011.T,-6.486484203820431,118.9760332697451
2024-07-31,7,Haniyeh Killed in Tehran,012450.KS,-6.532658490439191,13.917574142230627
2024-07-31,7,Haniyeh Killed in Tehran,ASB.AX,-7.782103224857206,62.662533106611676
2024-07-31,7,Haniyeh Killed in Tehran,KTOS,-7.935777994410598,-16.40762122269449
2024-07-31,7,Haniyeh Killed in Tehran,FCT.MI,-9.343067192359333,-32.01597692948247
2024-07-31,7,Haniyeh Killed in Tehran,IDR.MC,-12.022712915142685,45.14009654991658
2024-07-31,7,Haniyeh Killed in Tehran,079550.KS,-13.461534549089471,-22.347261218641822
2024-07-31,7,Haniyeh Killed in Tehran,BBAI,-22.22221702791757,7.141496857741392
2024-07-31,7,Haniyeh Killed in Tehran,7012.T,-28.828221614363436,85.29393755077214
2024-10-01,8,Iran Attack on Israel II,000768.SZ,26.388261692283454,165.02355713131362
2024-10-01,8,Iran Attack on Israel II,012450.KS,25.383884500257835,139.3410256575264
2024-10-01,8,Iran Attack on Israel II,600760.SS,23.57216409849987,193.63034583330045
2024-10-01,8,Iran Attack on Israel II,600372.SS,22.568439628875247,209.80421045615464
2024-10-01,8,Iran Attack on Israel II,600893.SS,22.033401653331985,164.65298119108573
2024-10-01,8,Iran Attack on Israel II,600118.SS,21.766109954780276,189.4617231126462
2024-10-01,8,Iran Attack on Israel II,7012.T,14.777809206081693,35.702247913754206
2024-10-01,8,Iran Attack on Israel II,PLTR,12.33062072875395,0.5475026753889667
2024-10-01,8,Iran Attack on Israel II,079550.KS,11.888108990959623,74.00314810025546
2024-10-01,8,Iran Attack on Israel II,7011.T,10.320831946983922,25.415275370894808
2024-10-01,8,Iran Attack on Israel II,SAAB-B.ST,8.199018074214436,-43.73382683914389
2024-10-01,8,Iran Attack on Israel II,ESLT,8.04325322498627,-17.7790903721205
2024-10-01,8,Iran Attack on Israel II,KTOS,7.967271473628923,48.610465416602096
2024-10-01,8,Iran Attack on Israel II,KOG.OL,6.809342837401844,27.726676043681707
2024-10-01,8,Iran Attack on Israel II,HAG.DE,6.495354762546435,-27.990507856576528
2024-10-01,8,Iran Attack on Israel II,LDOS,5.156195510256079,-27.306299609122085
2024-10-01,8,Iran Attack on Israel II,LMT,5.08443105272034,4.364247770359175
2024-10-01,8,Iran Attack on Israel II,CACI,3.916438096881558,-18.55574167131956
2024-10-01,8,Iran Attack on Israel II,RHM.DE,3.225799265284124,5.918891004163784
2024-10-01,8,Iran Attack on Israel II,RTX,2.8823736814198586,-37.69673138047938
2024-10-01,8,Iran Attack on Israel II,LHX,2.786066822262012,-29.618210091693918
2024-10-01,8,Iran Attack on Israel II,IDR.MC,2.530127154416162,27.052293012383878
2024-10-01,8,Iran Attack on Israel II,BDL.NS,1.9190383988717086,24.266677681245284
2024-10-01,8,Iran Attack on Israel II,BA.L,1.8934917513625749,-45.63098906374502
2024-10-01,8,Iran Attack on Israel II,QQ.L,1.379623504727956,-17.880101792000282
2024-10-01,8,Iran Attack on Israel II,HO.PA,1.2479018259232033,-0.30481516283547005
2024-10-01,8,Iran Attack on Israel II,BAH,1.0391606970868938,18.28609487160513
2024-10-01,8,Iran Attack on Israel II,FCT.MI,0.7232486353186962,-0.03490285026052087
2024-10-01,8,Iran Attack on Israel II,LDO.MI,0.674034914593169,16.81190984209873
2024-10-01,8,Iran Attack on Israel II,NOC,0.526568328804311,-17.039096437880108
2024-10-01,8,Iran Attack on Israel II,CHG.L,0.41438212427467036,-59.237437132337064
2024-10-01,8,Iran Attack on Israel II,HII,0.22929254998349524,-33.63373204434977
2024-10-01,8,Iran Attack on Israel II,HAL.NS,-0.36117003644317025,15.908411587326299
2024-10-01,8,Iran Attack on Israel II,047810.KS,-1.1235957545696507,12.667883641082867
2024-10-01,8,Iran Attack on Israel II,BAB.L,-1.1297002814225632,19.392185676909723
2024-10-01,8,Iran Attack on Israel II,GD,-2.550296107388561,-2.136769078295342
2024-10-01,8,Iran Attack on Israel II,BBAI,-2.580642779585396,15.028025409704803
2024-10-01,8,Iran Attack on Israel II,AM.PA,-3.0020684089744676,-25.884609663902182
2024-10-01,8,Iran Attack on Israel II,BEL.NS,-3.221378748620418,-62.314879753720845
2024-10-01,8,Iran Attack on Israel II,SAF.PA,-4.708637847217123,-11.261519056367264
2024-10-01,8,Iran Attack on Israel II,ASB.AX,-5.802050253264812,-57.4631943423324
2024-10-01,8,Iran Attack on Israel II,AIR.PA,-6.359327439527441,19.41879996803728
2024-10-26,9,Israel Strikes Iran,BAH,10.59729609009452,18.576815152578053
2024-10-26,9,Israel Strikes Iran,LDOS,7.934176729903841,149.49279623640103
2024-10-26,9,Israel Strikes Iran,ESLT,7.744844546775376,137.89846517119244
2024-10-26,9,Israel Strikes Iran,047810.KS,7.462690850184028,75.79000593721274
2024-10-26,9,Israel Strikes Iran,FCT.MI,5.252608025892225,-22.464553697761623
2024-10-26,9,Israel Strikes Iran,CACI,4.138992297799282,-23.751766368346683
2024-10-26,9,Israel Strikes Iran,HAG.DE,4.127829697489815,-33.68635984813408
2024-10-26,9,Israel Strikes Iran,KOG.OL,2.949057905092811,-5.609951566256665
2024-10-26,9,Israel Strikes Iran,AIR.PA,1.4617250316013797,8.402034261712865
2024-10-26,9,Israel Strikes Iran,LDO.MI,1.4552017613114643,45.97378288579961
2024-10-26,9,Israel Strikes Iran,SAAB-B.ST,1.1156572643059581,-35.66264688497154
2024-10-26,9,Israel Strikes Iran,600893.SS,0.5288492005594447,-47.188916767928546
2024-10-26,9,Israel Strikes Iran,BEL.NS,0.52237973180429,113.21301762135904
2024-10-26,9,Israel Strikes Iran,ASB.AX,0.317460005095338,23.150306414958234
2024-10-26,9,Israel Strikes Iran,LHX,-0.5225330495811642,50.18346500942117
2024-10-26,9,Israel Strikes Iran,600118.SS,-0.6671941505018597,-43.88437810399382
2024-10-26,9,Israel Strikes Iran,600372.SS,-1.103228282881763,-17.128929079237732
2024-10-26,9,Israel Strikes Iran,BDL.NS,-1.2390991211814417,-44.518490489583826
2024-10-26,9,Israel Strikes Iran,QQ.L,-1.3634429255837133,42.17832420704619
2024-10-26,9,Israel Strikes Iran,RHM.DE,-2.0692526104455156,16.52613393472837
2024-10-26,9,Israel Strikes Iran,SAF.PA,-2.138548476689006,21.799389989475195
2024-10-26,9,Israel Strikes Iran,012450.KS,-2.322575449475528,-4.624062073508295
2024-10-26,9,Israel Strikes Iran,PLTR,-2.4435723107494756,10.258120226002344
2024-10-26,9,Israel Strikes Iran,IDR.MC,-2.5443779611354356,18.53550931361001
2024-10-26,9,Israel Strikes Iran,HO.PA,-2.6384442097229455,-15.881691445203316
2024-10-26,9,Israel Strikes Iran,AM.PA,-2.813966223338815,7.659449289395792
2024-10-26,9,Israel Strikes Iran,600760.SS,-3.0322369599947607,-35.32832110747246
2024-10-26,9,Israel Strikes Iran,079550.KS,-3.952564930586766,-38.67598170142637
2024-10-26,9,Israel Strikes Iran,000768.SZ,-3.965517172521038,-33.101972613116025
2024-10-26,9,Israel Strikes Iran,BA.L,-4.181282201236192,-28.45470102827794
2024-10-26,9,Israel Strikes Iran,NOC,-4.491408313987078,-26.726250845165655
2024-10-26,9,Israel Strikes Iran,BAB.L,-4.817812194277149,28.523301724554194
2024-10-26,9,Israel Strikes Iran,GD,-5.021391389597429,-8.266243159947162
2024-10-26,9,Israel Strikes Iran,HAL.NS,-5.231287605613066,-15.55219235573987
2024-10-26,9,Israel Strikes Iran,RTX,-5.694084837535729,-3.0154077291767
2024-10-26,9,Israel Strikes Iran,CHG.L,-5.94451017301666,64.21839630095573
2024-10-26,9,Israel Strikes Iran,KTOS,-7.967804876626017,49.454728081503795
2024-10-26,9,Israel Strikes Iran,7011.T,-8.959732331745318,-19.983191911140008
2024-10-26,9,Israel Strikes Iran,BBAI,-9.714283261980327,8.327759770883713
2024-10-26,9,Israel Strikes Iran,LMT,-10.86284658196256,-19.294893015137383
2024-10-26,9,Israel Strikes Iran,7012.T,-11.10076265203318,-21.47899656016493
2024-10-26,9,Israel Strikes Iran,HII,-27.645006586229957,476.0667308309272
2025-01-20,10,Trump Presidency,BBAI,24.161074630935243,-16.609806928269343
2025-01-20,10,Trump Presidency,PLTR,23.46875840592393,14.423816815707035
2025-01-20,10,Trump Presidency,ASB.AX,15.909091612805737,72.12450865381399
2025-01-20,10,Trump Presidency,RHM.DE,12.15880156549658,19.152038940441575
2025-01-20,10,Trump Presidency,KOG.OL,11.156698160581202,-14.71842818497281
2025-01-20,10,Trump Presidency,RTX,9.011377968112644,32.08193008008307
2025-01-20,10,Trump Presidency,KTOS,8.384591141998609,-41.93484531417906
2025-01-20,10,Trump Presidency,BDL.NS,7.900759932075951,-5.132796556592489
2025-01-20,10,Trump Presidency,SAF.PA,7.40064404565719,-9.2745158437321
2025-01-20,10,Trump Presidency,AIR.PA,6.6906776057102935,-29.67158416920498
2025-01-20,10,Trump Presidency,LDO.MI,6.569344833735102,-6.781354912264492
2025-01-20,10,Trump Presidency,BAB.L,6.540510181476433,29.554638627162877
2025-01-20,10,Trump Presidency,HO.PA,5.759868015426539,-38.253436123036636
2025-01-20,10,Trump Presidency,7011.T,5.422232807589222,58.86378754248853
2025-01-20,10,Trump Presidency,BA.L,5.247571791577088,1.1706212095096369
2025-01-20,10,Trump Presidency,IDR.MC,3.2584284536548713,51.47521882873829
2025-01-20,10,Trump Presidency,HAG.DE,3.1991302462797355,9.391434806576138
2025-01-20,10,Trump Presidency,NOC,3.0187492041637176,11.98334595003785
2025-01-20,10,Trump Presidency,ESLT,2.7983200188848256,-46.47988505747126
2025-01-20,10,Trump Presidency,047810.KS,2.107285208023324,4.84998382723294
2025-01-20,10,Trump Presidency,079550.KS,1.5695070419265544,-17.253361993490756
2025-01-20,10,Trump Presidency,AM.PA,1.454898527782711,-18.949573062671178
2025-01-20,10,Trump Presidency,SAAB-B.ST,1.4161193084229584,-25.055834212557983
2025-01-20,10,Trump Presidency,BEL.NS,1.29046156031134,-12.008132015306373
2025-01-20,10,Trump Presidency,600372.SS,1.1576213503436295,-12.309928013748195
2025-01-20,10,Trump Presidency,012450.KS,1.137805207353404,18.5165318251695
2025-01-20,10,Trump Presidency,FCT.MI,0.7539072818773418,-34.185525288233656
2025-01-20,10,Trump Presidency,CHG.L,0.46874111600356816,-47.962769737625855
2025-01-20,10,Trump Presidency,HII,0.32285747494837924,1.2218537266538654
2025-01-20,10,Trump Presidency,GD,0.11162247643685674,40.743094453394036
2025-01-20,10,Trump Presidency,LHX,-0.28983388975228896,23.44753312200276
2025-01-20,10,Trump Presidency,600760.SS,-0.49807854815444585,-6.1753571962947955
2025-01-20,10,Trump Presidency,7012.T,-1.9705097487790146,37.88603505668766
2025-01-20,10,Trump Presidency,000768.SZ,-2.5287430110703113,-8.417693491383693
2025-01-20,10,Trump Presidency,600118.SS,-2.5808807837533476,-32.252044420829876
2025-01-20,10,Trump Presidency,HAL.NS,-3.104340227428881,11.46680804830893
2025-01-20,10,Trump Presidency,600893.SS,-3.6884247845826112,-23.112264846553966
2025-01-20,10,Trump Presidency,BAH,-4.595909469291504,73.72100063296365
2025-01-20,10,Trump Presidency,QQ.L,-4.903425318328914,-0.01817168329555363
2025-01-20,10,Trump Presidency,LMT,-5.321223943670638,55.36252468216303
2025-01-20,10,Trump Presidency,LDOS,-7.304758563790347,59.795910463945475
2025-01-20,10,Trump Presidency,CACI,-12.09702545630984,169.69134529456244
2025-03-04,11,ReArm Europe Plan,047810.KS,41.90318553920154,84.92618384738053
2025-03-04,11,ReArm Europe Plan,HAG.DE,31.938778476879182,11.632601567203938
2025-03-04,11,ReArm Europe Plan,IDR.MC,30.973447234647033,-0.8092485433104812
2025-03-04,11,ReArm Europe Plan,QQ.L,28.685629738752905,79.3764889448707
2025-03-04,11,ReArm Europe Plan,HO.PA,23.95034279778652,48.31518137709383
2025-03-04,11,ReArm Europe Plan,SAAB-B.ST,23.65747096479811,19.266400766019707
2025-03-04,11,ReArm Europe Plan,RHM.DE,21.116705268563997,-1.3566563029643874
2025-03-04,11,ReArm Europe Plan,LDO.MI,19.080010052328422,-18.174883076390092
2025-03-04,11,ReArm Europe Plan,AM.PA,18.405932142867076,25.47621218738452
2025-03-04,11,ReArm Europe Plan,ESLT,17.928052966510254,50.021231422505316
2025-03-04,11,ReArm Europe Plan,KTOS,15.730779608035682,30.151194008760783
2025-03-04,11,ReArm Europe Plan,BA.L,15.336749103909963,-27.10961743464575
2025-03-04,11,ReArm Europe Plan,KOG.OL,14.614258244772028,-10.751832539155014
2025-03-04,11,ReArm Europe Plan,7011.T,14.208190958666812,163.7949419438243
2025-03-04,11,ReArm Europe Plan,HII,11.997017159171076,-8.948493863889917
2025-03-04,11,ReArm Europe Plan,CACI,10.43760659016546,75.95395774203722
2025-03-04,11,ReArm Europe Plan,BDL.NS,10.385048979965195,36.05297678888044
2025-03-04,11,ReArm Europe Plan,ASB.AX,9.489047538110707,-42.89689972162613
2025-03-04,11,ReArm Europe Plan,7012.T,9.418983012470061,127.80361734333034
2025-03-04,11,ReArm Europe Plan,BAB.L,8.846145827640006,25.524884595381536
2025-03-04,11,ReArm Europe Plan,BEL.NS,8.724474208882071,41.748118859292575
2025-03-04,11,ReArm Europe Plan,NOC,7.660196714856715,19.200030373787413
2025-03-04,11,ReArm Europe Plan,600893.SS,7.202226886630991,70.9835000305241
2025-03-04,11,ReArm Europe Plan,GD,5.686048874644278,62.195025453010835
2025-03-04,11,ReArm Europe Plan,LMT,5.32511210762332,22.37407721957274
2025-03-04,11,ReArm Europe Plan,000768.SZ,5.222667508612222,67.50219446466504
2025-03-04,11,ReArm Europe Plan,CHG.L,5.220891215140755,-54.72629416491901
2025-03-04,11,ReArm Europe Plan,LHX,4.66929854237248,19.3789296120227
2025-03-04,11,ReArm Europe Plan,600372.SS,4.023962130293324,51.012931627974865
2025-03-04,11,ReArm Europe Plan,600118.SS,3.96539739350128,103.01255690776455
2025-03-04,11,ReArm Europe Plan,600760.SS,3.6018072995619432,35.00839834357112
2025-03-04,11,ReArm Europe Plan,HAL.NS,3.266777670746346,1.747351572875444
2025-03-04,11,ReArm Europe Plan,079550.KS,3.000009726538888,-16.963833639892545
2025-03-04,11,ReArm Europe Plan,LDOS,2.5776208842837267,15.658485590059158
2025-03-04,11,ReArm Europe Plan,FCT.MI,1.8105255930047193,-30.271501497278663
2025-03-04,11,ReArm Europe Plan,012450.KS,1.8018001824363417,35.39690917119891
2025-03-04,11,ReArm Europe Plan,RTX,0.6046861333878217,-5.36593510312422
2025-03-04,11,ReArm Europe Plan,AIR.PA,-0.6703267738928709,-19.079015652563058
2025-03-04,11,ReArm Europe Plan,SAF.PA,-2.6122462289701276,44.7792976020013
2025-03-04,11,ReArm Europe Plan,BAH,-4.020941655853882,-7.110929109879393
2025-03-04,11,ReArm Europe Plan,PLTR,-11.145256937937509,3.1164483291344025
2025-03-04,11,ReArm Europe Plan,BBAI,-43.21428355513783,27.382832762326693
2025-06-13,12,Israel-Iran War,079550.KS,35.48388177577022,9.639130286996211
2025-06-13,12,Israel-Iran War,PLTR,9.552142837174205,-4.623889080288645
2025-06-13,12,Israel-Iran War,BBAI,8.571426802088421,124.45561602241267
2025-06-13,12,Israel-Iran War,KTOS,7.808252414372441,53.11572937573465
2025-06-13,12,Israel-Iran War,047810.KS,6.390126720392542,-12.020545194491339
2025-06-13,12,Israel-Iran War,600760.SS,6.139997842261291,-21.369989111434016
2025-06-13,12,Israel-Iran War,ASB.AX,5.423723553419535,68.84379269536728
2025-06-13,12,Israel-Iran War,RTX,4.8238683954911155,31.672854749857528
2025-06-13,12,Israel-Iran War,HII,4.684529753713829,73.2086344527892
2025-06-13,12,Israel-Iran War,ESLT,4.602338936339012,68.27506975217463
2025-06-13,12,Israel-Iran War,BEL.NS,4.4919402039359735,137.0262679095769
2025-06-13,12,Israel-Iran War,012450.KS,3.6464108245528593,-26.03980579744938
2025-06-13,12,Israel-Iran War,KOG.OL,2.9899408743637723,-15.685863613607708
2025-06-13,12,Israel-Iran War,LHX,2.8001750735298536,28.616396440755466
2025-06-13,12,Israel-Iran War,CACI,2.7298176700643273,3.6520415926959204
2025-06-13,12,Israel-Iran War,GD,2.1122692894958828,28.769850789233796
2025-06-13,12,Israel-Iran War,NOC,2.096399472984678,51.174661344152874
2025-06-13,12,Israel-Iran War,LDOS,1.9813146145513105,73.83734910787285
2025-06-13,12,Israel-Iran War,AIR.PA,1.306403444716775,43.29493591361284
2025-06-13,12,Israel-Iran War,000768.SZ,0.3645182626589305,-30.27596863254043
2025-06-13,12,Israel-Iran War,BAB.L,-0.28383011495962673,-16.28654530663426
2025-06-13,12,Israel-Iran War,HAL.NS,-0.3246904641385995,-13.322539960065683
2025-06-13,12,Israel-Iran War,7011.T,-0.5763737713908035,-28.22576450100427
2025-06-13,12,Israel-Iran War,600893.SS,-1.276605412289522,-27.549531807292173
2025-06-13,12,Israel-Iran War,BDL.NS,-1.6342595098508106,27.015048218735927
2025-06-13,12,Israel-Iran War,BA.L,-1.6835012363228041,-8.526206603531605
2025-06-13,12,Israel-Iran War,RHM.DE,-1.7058149601426265,28.918840432188397
2025-06-13,12,Israel-Iran War,600372.SS,-1.7487757772812085,26.403998620665337
2025-06-13,12,Israel-Iran War,LMT,-1.9161636661211179,44.462092462140966
2025-06-13,12,Israel-Iran War,BAH,-1.9435799144624677,9.056398542448463
2025-06-13,12,Israel-Iran War,SAF.PA,-2.0699978710106537,22.387251489131277
2025-06-13,12,Israel-Iran War,IDR.MC,-2.4543370438113943,36.92796184921983
2025-06-13,12,Israel-Iran War,CHG.L,-3.092790750242169,-47.0438099609504
2025-06-13,12,Israel-Iran War,AM.PA,-3.2360396968593497,54.17981267453642
2025-06-13,12,Israel-Iran War,600118.SS,-3.6052459425632843,-32.73195615015171
2025-06-13,12,Israel-Iran War,7012.T,-3.6829850579494505,-18.013531850616893
2025-06-13,12,Israel-Iran War,HAG.DE,-4.591316136029122,-45.93644770973303
2025-06-13,12,Israel-Iran War,HO.PA,-4.627160099564797,14.615769221611941
2025-06-13,12,Israel-Iran War,SAAB-B.ST,-5.612039902638344,-1.126109631940897
2025-06-13,12,Israel-Iran War,FCT.MI,-6.262231199769575,-33.040022855443716
2025-06-13,12,Israel-Iran War,QQ.L,-9.573117805635112,-59.6987986030642
2025-06-13,12,Israel-Iran War,LDO.MI,-10.604332242619652,-29.770573658667445
2025-06-24,13,Iran-Israel Ceasefire,BBAI,60.6280268074634,61.53565800394028
2025-06-24,13,Iran-Israel Ceasefire,LDOS,8.559866238406567,-21.94710341393239
2025-06-24,13,Iran-Israel Ceasefire,000768.SZ,8.431162384022661,147.60419272110775
2025-06-24,13,Iran-Israel Ceasefire,CACI,8.329601613744186,10.260174537150313
2025-06-24,13,Iran-Israel Ceasefire,BEL.NS,7.591786851314719,-33.09012665161922
2025-06-24,13,Iran-Israel Ceasefire,HII,7.436972701458244,-38.40469048268339
2025-06-24,13,Iran-Israel Ceasefire,AIR.PA,7.204177300931303,8.359573825648114
2025-06-24,13,Iran-Israel Ceasefire,600893.SS,6.99814534008627,152.54528073182678
2025-06-24,13,Iran-Israel Ceasefire,FCT.MI,6.717453567980369,109.16636305780555
2025-06-24,13,Iran-Israel Ceasefire,BAB.L,6.470028687923324,156.01632106523874
2025-06-24,13,Iran-Israel Ceasefire,GD,5.402983092856517,67.3783043648354
2025-06-24,13,Iran-Israel Ceasefire,BAH,5.030824318921856,19.80830033612273
2025-06-24,13,Iran-Israel Ceasefire,SAAB-B.ST,4.90824415085791,-12.768201143990076
2025-06-24,13,Iran-Israel Ceasefire,600372.SS,4.886579458844897,119.91914925509306
2025-06-24,13,Iran-Israel Ceasefire,KTOS,4.513469186298491,149.78040055356817
2025-06-24,13,Iran-Israel Ceasefire,600760.SS,4.377595758217678,4.559517185225381
2025-06-24,13,Iran-Israel Ceasefire,600118.SS,4.047666408444006,138.61461588142046
2025-06-24,13,Iran-Israel Ceasefire,BDL.NS,4.040135825869484,-0.5336340057803479
2025-06-24,13,Iran-Israel Ceasefire,7012.T,2.038913797051989,26.77275587443546
2025-06-24,13,Iran-Israel Ceasefire,SAF.PA,1.9630612689737648,-5.21859828909681
2025-06-24,13,Iran-Israel Ceasefire,7011.T,1.8212366914046374,14.349232737786943
2025-06-24,13,Iran-Israel Ceasefire,LHX,1.7798697875268887,-2.2600801214126554
2025-06-24,13,Iran-Israel Ceasefire,NOC,1.2079987933718117,-18.38448552010735
2025-06-24,13,Iran-Israel Ceasefire,IDR.MC,0.7274709250485234,-16.083798287448193
2025-06-24,13,Iran-Israel Ceasefire,LMT,-0.23978695926234472,-38.72830429381945
2025-06-24,13,Iran-Israel Ceasefire,HAG.DE,-0.48938754464157297,6.345211226547498
2025-06-24,13,Iran-Israel Ceasefire,QQ.L,-0.786624608011488,-18.48852539394512
2025-06-24,13,Iran-Israel Ceasefire,ASB.AX,-1.116430173434113,-49.66657683544437
2025-06-24,13,Iran-Israel Ceasefire,RHM.DE,-1.5041939095139845,-33.975689284460096
2025-06-24,13,Iran-Israel Ceasefire,RTX,-1.5499204166962266,-6.265098796293134
2025-06-24,13,Iran-Israel Ceasefire,CHG.L,-2.0942493719787514,33.32690216861067
2025-06-24,13,Iran-Israel Ceasefire,HAL.NS,-2.676671551619214,-13.29531615842705
2025-06-24,13,Iran-Israel Ceasefire,ESLT,-2.8190392925873886,-18.696966741441535
2025-06-24,13,Iran-Israel Ceasefire,KOG.OL,-3.4580379119982796,-8.848833394916511
2025-06-24,13,Iran-Israel Ceasefire,BA.L,-3.5214808790873353,29.05626110693693
2025-06-24,13,Iran-Israel Ceasefire,079550.KS,-4.099821766819456,-9.985131257676795
2025-06-24,13,Iran-Israel Ceasefire,AM.PA,-4.590171975869273,-15.55284739423003
2025-06-24,13,Iran-Israel Ceasefire,HO.PA,-4.794518018762572,-10.703817751025857
2025-06-24,13,Iran-Israel Ceasefire,LDO.MI,-4.856205091151821,7.093844319304199
2025-06-24,13,Iran-Israel Ceasefire,047810.KS,-6.943009270374234,1.3233660232251143
2025-06-24,13,Iran-Israel Ceasefire,PLTR,-7.587872645818495,42.27129139888288
2025-06-24,13,Iran-Israel Ceasefire,012450.KS,-12.054504845261127,1.8524727939419838
2026-02-28,14,US-Israel Strikes Iran,079550.KS,63.61768289426808,664.8772315308752
2026-02-28,14,US-Israel Strikes Iran,ESLT,29.170864346356474,58.38744064347321
2026-02-28,14,US-Israel Strikes Iran,600893.SS,17.721760157043008,-13.757271236580149
2026-02-28,14,US-Israel Strikes Iran,PLTR,16.208220407128927,29.56324414493674
2026-02-28,14,US-Israel Strikes Iran,012450.KS,15.458937198067634,300.76931124732874
2026-02-28,14,US-Israel Strikes Iran,IDR.MC,10.915824858941935,-34.52220742248063
2026-02-28,14,US-Israel Strikes Iran,BBAI,10.10362993531877,44.220258175977655
2026-02-28,14,US-Israel Strikes Iran,600118.SS,7.116661470674268,75.34188792120233
2026-02-28,14,US-Israel Strikes Iran,BAH,6.061385458673585,0.5002172758437506
2026-02-28,14,US-Israel Strikes Iran,CACI,5.1140674035225375,10.227602905569011
2026-02-28,14,US-Israel Strikes Iran,NOC,4.836049854874269,32.95230956619508
2026-02-28,14,US-Israel Strikes Iran,BEL.NS,4.1135781351947065,173.50323515145973
2026-02-28,14,US-Israel Strikes Iran,CHG.L,3.9215675713298426,-30.316344490065962
2026-02-28,14,US-Israel Strikes Iran,GD,3.4346267297565625,52.90580738043318
2026-02-28,14,US-Israel Strikes Iran,LHX,3.2984310589209365,31.476438456515844
2026-02-28,14,US-Israel Strikes Iran,LMT,2.5902158519503393,53.5502745391921
2026-02-28,14,US-Israel Strikes Iran,LDOS,2.530265785760233,4.427728200096559
2026-02-28,14,US-Israel Strikes Iran,RTX,2.361900506442516,16.840548777250387
2026-02-28,14,US-Israel Strikes Iran,BA.L,2.26328688446662,51.41593253774472
2026-02-28,14,US-Israel Strikes Iran,BDL.NS,1.9154437666590196,121.58504273741224
2026-02-28,14,US-Israel Strikes Iran,600760.SS,1.27597866808975,80.15261884532994
2026-02-28,14,US-Israel Strikes Iran,LDO.MI,-0.5091626940002425,38.95195412766523
2026-02-28,14,US-Israel Strikes Iran,600372.SS,-0.6385671671001347,6.566042286268403
2026-02-28,14,US-Israel Strikes Iran,000768.SZ,-0.8649390635514287,17.60729464471238
2026-02-28,14,US-Israel Strikes Iran,HII,-1.6269621232950948,1.7487801718554241
2026-02-28,14,US-Israel Strikes Iran,KOG.OL,-1.7228417774380556,23.755505746826877
2026-02-28,14,US-Israel Strikes Iran,047810.KS,-2.1360319635829406,135.96712382095913
2026-02-28,14,US-Israel Strikes Iran,SAAB-B.ST,-2.4051379274279583,54.74460316451592
2026-02-28,14,US-Israel Strikes Iran,QQ.L,-2.519385737279123,48.51039933474834
2026-02-28,14,US-Israel Strikes Iran,BAB.L,-3.6619691429543133,60.548530573928105
2026-02-28,14,US-Israel Strikes Iran,7011.T,-3.857027629389065,6.322498497302265
2026-02-28,14,US-Israel Strikes Iran,HAL.NS,-4.31895167014944,42.214523353823985
2026-02-28,14,US-Israel Strikes Iran,7012.T,-5.385062755535874,28.075708129366973
2026-02-28,14,US-Israel Strikes Iran,AM.PA,-5.546126360311698,28.69399836510822
2026-02-28,14,US-Israel Strikes Iran,FCT.MI,-7.286097258077973,0.6229638837469409
2026-02-28,14,US-Israel Strikes Iran,AIR.PA,-7.505011998737676,17.922874618728322
2026-02-28,14,US-Israel Strikes Iran,SAF.PA,-8.285208870355188,63.42053205761482
2026-02-28,14,US-Israel Strikes Iran,RHM.DE,-8.477014578958386,66.66345810777163
2026-02-28,14,US-Israel Strikes Iran,HO.PA,-8.736760688993462,73.9404245414164
2026-02-28,14,US-Israel Strikes Iran,KTOS,-9.450459677364286,113.83258703712494
2026-02-28,14,US-Israel Strikes Iran,HAG.DE,-12.418303277137655,-8.385811194111682
2026-02-28,14,US-Israel Strikes Iran,ASB.AX,-16.349209184519175,-56.18675703879481
2026-04-07,15,US-Iran Ceasefire Announced,079550.KS,52.864157119476275,-28.837823849130196
2026-04-07,15,US-Iran Ceasefire Announced,012450.KS,21.937550040032015,-11.835413596743184
2026-04-07,15,US-Iran Ceasefire Announced,BDL.NS,19.280494895305033,-41.87281464908925
2026-04-07,15,US-Iran Ceasefire Announced,7012.T,18.916120124266488,-4.716831196040793
2026-04-07,15,US-Iran Ceasefire Announced,HAL.NS,18.129635185495353,-16.505031803651228
2026-04-07,15,US-Iran Ceasefire Announced,047810.KS,17.364905889496065,-18.556827661194795
2026-04-07,15,US-Iran Ceasefire Announced,HAG.DE,16.92994935705252,-32.30280125958732
2026-04-07,15,US-Iran Ceasefire Announced,BBAI,15.789474509759627,-21.80413097435935
2026-04-07,15,US-Iran Ceasefire Announced,IDR.MC,15.733338994592728,-15.507908519003433
2026-04-07,15,US-Iran Ceasefire Announced,CHG.L,15.329219515386994,-22.268475799480058
2026-04-07,15,US-Iran Ceasefire Announced,SAF.PA,14.00862718772391,2.0595413798345508
2026-04-07,15,US-Iran Ceasefire Announced,ESLT,12.857507644619703,-35.36646586345381
2026-04-07,15,US-Iran Ceasefire Announced,KTOS,12.837017523765892,-36.816904849151086
2026-04-07,15,US-Iran Ceasefire Announced,7011.T,12.455600284158175,-12.335020393356222
2026-04-07,15,US-Iran Ceasefire Announced,HO.PA,12.23204210337161,-17.49430977482843
2026-04-07,15,US-Iran Ceasefire Announced,BEL.NS,10.599140029114684,-25.49270067258145
2026-04-07,15,US-Iran Ceasefire Announced,BAB.L,9.30736541558952,5.020444563200344
2026-04-07,15,US-Iran Ceasefire Announced,RTX,8.367623663486246,-18.11141440748053
2026-04-07,15,US-Iran Ceasefire Announced,QQ.L,8.187523924998597,24.855336539658236
2026-04-07,15,US-Iran Ceasefire Announced,BA.L,7.958389792758136,-23.791953741790095
2026-04-07,15,US-Iran Ceasefire Announced,HII,7.854669398051373,-10.72245520396492
2026-04-07,15,US-Iran Ceasefire Announced,RHM.DE,7.763681222541163,1.5337792023670138
2026-04-07,15,US-Iran Ceasefire Announced,AIR.PA,7.692307692307687,-14.365316573489316
2026-04-07,15,US-Iran Ceasefire Announced,FCT.MI,7.671128076659506,-16.85019526856727
2026-04-07,15,US-Iran Ceasefire Announced,600760.SS,6.795515214867964,62.02741549990436
2026-04-07,15,US-Iran Ceasefire Announced,AM.PA,6.516131099413958,-24.79343710834857
2026-04-07,15,US-Iran Ceasefire Announced,600893.SS,5.553272237883178,13.458530090630315
2026-04-07,15,US-Iran Ceasefire Announced,LHX,4.597997641513696,-3.7236778786319924
2026-04-07,15,US-Iran Ceasefire Announced,SAAB-B.ST,4.261656039265582,9.259421167356185
2026-04-07,15,US-Iran Ceasefire Announced,600118.SS,4.018244920582914,0.3604383228787089
2026-04-07,15,US-Iran Ceasefire Announced,KOG.OL,3.623269774311133,-15.864870272219244
2026-04-07,15,US-Iran Ceasefire Announced,BAH,3.1285626260423527,-20.598435906154368
2026-04-07,15,US-Iran Ceasefire Announced,LMT,2.173506246944479,-28.86344178082192
2026-04-07,15,US-Iran Ceasefire Announced,LDO.MI,1.6072051165552104,66.06930522104533
2026-04-07,15,US-Iran Ceasefire Announced,600372.SS,1.5337364059572423,7.855581333115436
2026-04-07,15,US-Iran Ceasefire Announced,LDOS,1.2841247073939854,2.708481824661435
2026-04-07,15,US-Iran Ceasefire Announced,NOC,1.271603971494062,5.62978488050534
2026-04-07,15,US-Iran Ceasefire Announced,GD,0.19622883882606246,15.352794991978346
2026-04-07,15,US-Iran Ceasefire Announced,000768.SZ,-0.9163376129072698,18.385568237767114
2026-04-07,15,US-Iran Ceasefire Announced,PLTR,-1.3449698745695349,122.20193138563951
2026-04-07,15,US-Iran Ceasefire Announced,ASB.AX,-2.9106001694605976,-30.437268464017297
2026-04-07,15,US-Iran Ceasefire Announced,CACI,-4.458523895163957,16.09257752463611
2026-07-08,16,US-Iran Hostilities Resume,FCT.MI,19.44582129246706,-48.13146195768216
2026-07-08,16,US-Iran Hostilities Resume,PLTR,14.64815000094819,-26.269434977397076
2026-07-08,16,US-Iran Hostilities Resume,BAH,5.38981441897628,-28.981492259341167
2026-07-08,16,US-Iran Hostilities Resume,LDOS,5.088858698309862,-31.500245405464366
2026-07-08,16,US-Iran Hostilities Resume,HAG.DE,4.090270047202171,-29.469207053156154
2026-07-08,16,US-Iran Hostilities Resume,GD,3.6695998995575962,-5.442454335875158
2026-07-08,16,US-Iran Hostilities Resume,LDO.MI,3.3018881578602555,-42.62130898349486
2026-07-08,16,US-Iran Hostilities Resume,RTX,3.2467181409856716,-24.308726957565252
2026-07-08,16,US-Iran Hostilities Resume,NOC,3.1238307710013347,-34.776820250796106
2026-07-08,16,US-Iran Hostilities Resume,600372.SS,2.724797316060834,11.789363038223222
2026-07-08,16,US-Iran Hostilities Resume,7011.T,2.4625267665952855,-32.45376337028243
2026-07-08,16,US-Iran Hostilities Resume,CACI,1.8499280373836635,-7.056327424543152
2026-07-08,16,US-Iran Hostilities Resume,BAB.L,1.8481492104979402,42.006264384033145
2026-07-08,16,US-Iran Hostilities Resume,QQ.L,1.0309232511579003,-51.448346040074355
2026-07-08,16,US-Iran Hostilities Resume,7012.T,1.0005558643690904,-32.61601413236248
2026-07-08,16,US-Iran Hostilities Resume,LMT,0.9814322680160581,-30.893295830811407
2026-07-08,16,US-Iran Hostilities Resume,CHG.L,0.185536992796842,-52.80661928213804
2026-07-08,16,US-Iran Hostilities Resume,SAAB-B.ST,0.173248202899412,-45.64861840066089
2026-07-08,16,US-Iran Hostilities Resume,IDR.MC,-0.0729622931086027,30.05330522439276
2026-07-08,16,US-Iran Hostilities Resume,HAL.NS,-0.31345146930721324,53.7750675606572
2026-07-08,16,US-Iran Hostilities Resume,KTOS,-0.3610114379710039,-31.35342020124916
2026-07-08,16,US-Iran Hostilities Resume,HII,-0.7503015435766702,-30.187883615236842
2026-07-08,16,US-Iran Hostilities Resume,BEL.NS,-1.2732735739882872,-16.818428012598375
2026-07-08,16,US-Iran Hostilities Resume,LHX,-1.297357462258808,-44.409776391055644
2026-07-08,16,US-Iran Hostilities Resume,AIR.PA,-1.4327496319246347,-36.68776347530807
2026-07-08,16,US-Iran Hostilities Resume,079550.KS,-1.6883116883116833,-2.6704732280648735
2026-07-08,16,US-Iran Hostilities Resume,BA.L,-3.5638297872340408,-15.768057075426057
2026-07-08,16,US-Iran Hostilities Resume,600760.SS,-3.609491055791425,5.804088821509734
2026-07-08,16,US-Iran Hostilities Resume,ESLT,-3.619248470822789,-22.95852928601967
2026-07-08,16,US-Iran Hostilities Resume,HO.PA,-3.8796835803319385,-12.94550507814064
2026-07-08,16,US-Iran Hostilities Resume,000768.SZ,-4.156600232735242,-2.4399073402998073
2026-07-08,16,US-Iran Hostilities Resume,AM.PA,-4.172360446003354,-30.127108371142587
2026-07-08,16,US-Iran Hostilities Resume,047810.KS,-4.345006485084301,21.878478775231702
2026-07-08,16,US-Iran Hostilities Resume,SAF.PA,-5.458704326004138,-30.006214198393856
2026-07-08,16,US-Iran Hostilities Resume,RHM.DE,-7.091186153745155,-18.894715074580017
2026-07-08,16,US-Iran Hostilities Resume,BDL.NS,-7.817262424084481,-18.598805539411735
2026-07-08,16,US-Iran Hostilities Resume,KOG.OL,-10.565669491262264,43.31787762540349
2026-07-08,16,US-Iran Hostilities Resume,600893.SS,-10.681152473340338,32.66494441603505
2026-07-08,16,US-Iran Hostilities Resume,600118.SS,-13.695276178220261,17.257734120737076
2026-07-08,16,US-Iran Hostilities Resume,BBAI,-14.441415813946723,-11.562382844309926
2026-07-08,16,US-Iran Hostilities Resume,012450.KS,-14.848762603116406,11.662334127975704
2026-07-08,16,US-Iran Hostilities Resume,ASB.AX,-16.74527919941736,35.29047177811655
